gpu_id,temp_avg,temp_max,temp_limit,power_avg,power_max,power_limit,util_avg,tflops_avg,tflops_max
0,51.333333333333336,54.0,59.0,931.7416666666668,982.87,1000.0,63.666666666666664,1053.4679487179487,1180.0
1,55.0,58.0,56.0,927.2049999999999,956.17,1000.0,68.0,0,0
2,54.0,58.0,56.0,940.9200000000001,962.74,1000.0,81.0,0,0
3,47.0,49.0,58.0,908.0999999999999,916.89,1000.0,57.0,0,0
4,49.5,52.0,58.0,918.86,920.95,1000.0,56.5,0,0
5,56.5,58.0,56.0,921.8175,951.11,1000.0,57.916666666666664,935.3570512820512,956.3076923076923
6,60.5,63.0,56.0,960.3533333333334,978.39,1000.0,69.75,1085.6773504273503,1120.0
7,57.333333333333336,60.0,59.0,958.9716666666668,978.6,1000.0,69.33333333333333,1097.4555555555555,1131.6666666666667
