gpu_id,temp_avg,temp_max,temp_limit,power_avg,power_max,power_limit,util_avg,tflops_avg,tflops_max
0,53.42857142857143,56.0,35.0,924.7980952380954,976.37,1000.0,62.61904761904762,0,0
1,62.294117647058826,64.0,53.0,921.4017647058823,975.73,1000.0,61.470588235294116,983.1959706959708,1143.076923076923
2,63.705882352941174,66.0,52.0,923.3494117647059,960.67,1000.0,61.588235294117645,960.5393772893774,1057.8461538461538
3,53.476190476190474,56.0,36.0,924.9771428571429,976.0,1000.0,63.142857142857146,0,0
4,56.94117647058823,59.0,59.0,938.4935294117647,967.9,1000.0,62.94117647058823,1029.8663003663003,1127.1538461538462
5,61.411764705882355,64.0,57.0,925.7129411764705,969.58,1000.0,59.11764705882353,955.1306907378336,988.9166666666666
6,65.23809523809524,67.0,19.0,946.132380952381,983.71,1000.0,69.33333333333333,0,0
7,58.95238095238095,61.0,30.0,941.7661904761903,989.0,1000.0,69.19047619047619,0,0
