gpu_id,gpu_temp_avg,gpu_temp_max,gpu_temp_min,gpu_temp_limit,gpu_power_avg,gpu_power_max,gpu_power_min,gpu_power_limit,gpu_util_avg,gpu_util_max,fp32_flops_avg,fp32_flops_max,fp64_flops_avg,fp64_flops_max,tensor_flops_avg,tensor_flops_max,mem_bw_avg,mem_bw_max,sys_inlet_temp_avg,sys_inlet_temp_max,sys_outlet_temp_avg,sys_outlet_temp_max,sys_cpu_temp_avg,sys_cpu_temp_max,sys_power_avg,sys_power_max,samples
0,53.65151515151515,56.0,31.0,58.0,921.2477272727272,990.57,200.38,1000.0,63.28787878787879,79.0,0.0,0,0.0,0,0.0,0,0.0,0,29.419354838709676,31.0,0,0,37.333333333333336,47.0,9122.378787878788,9775.0,66
1,35.54545454545455,36.0,32.0,56.0,143.6107575757576,146.31,140.98,1000.0,0.0,0.0,0.0,0,0.0,0,0.0,0,0.0,0,29.419354838709676,31.0,0,0,37.333333333333336,47.0,9122.378787878788,9775.0,66
2,63.36363636363637,66.0,33.0,55.0,918.3412121212122,982.65,192.31,1000.0,62.121212121212125,79.0,0.0,0,0.0,0,0.0,0,0.0,0,29.419354838709676,31.0,0,0,37.333333333333336,47.0,9122.378787878788,9775.0,66
3,53.54545454545455,56.0,31.0,57.0,921.7910606060606,985.15,189.82,1000.0,64.92424242424242,80.0,0.0,0,0.0,0,0.0,0,0.0,0,29.419354838709676,31.0,0,0,37.333333333333336,47.0,9122.378787878788,9775.0,66
4,30.439393939393938,31.0,30.0,58.0,142.48772727272726,144.9,141.77,1000.0,0.0,0.0,0.0,0,0.0,0,0.0,0,0.0,0,29.419354838709676,31.0,0,0,37.333333333333336,47.0,9122.378787878788,9775.0,66
5,58.72727272727273,62.0,33.0,56.0,927.7083333333333,987.34,198.84,1000.0,63.484848484848484,79.0,0.0,0,0.0,0,0.0,0,0.0,0,29.419354838709676,31.0,0,0,37.333333333333336,47.0,9122.378787878788,9775.0,66
6,31.0,31.0,31.0,57.0,138.23181818181817,140.8,137.39,1000.0,0.0,0.0,0.0,0,0.0,0,0.0,0,0.0,0,29.419354838709676,31.0,0,0,37.333333333333336,47.0,9122.378787878788,9775.0,66
7,30.0,30.0,30.0,58.0,144.61272727272728,147.14,143.99,1000.0,0.0,0.0,0.0,0,0.0,0,0.0,0,0.0,0,29.419354838709676,31.0,0,0,37.333333333333336,47.0,9122.378787878788,9775.0,66
